"Country","Total","Diarrhoea","HIV","Infections","Injury","Malaria","Measles","Meningitis","NCD","Pertussis","Pneumonia"
"Afghanistan",247614,88232,17,48816,12061,46,1822,7557,15254,1093,72716
"Albania",486,12,0,99,68,0,0,7,194,0,106
"Algeria",12927,3688,39,3045,645,0,220,317,848,421,3704
"Angola",129045,40542,2951,25633,4802,13911,1129,2685,5409,2073,29910
"Argentina",4348,83,15,900,649,0,0,83,1932,50,636
"Armenia",466,18,4,82,48,0,0,65,127,0,122
"Australia",606,5,0,126,108,0,0,12,325,0,30
"Austria",147,1,0,29,24,0,0,7,83,0,3
"Azerbaijan",3060,691,10,639,149,0,4,172,286,36,1073
"Bahamas",45,1,1,10,8,0,0,1,19,0,5
"Bahrain",88,1,0,18,17,0,0,0,50,0,2
"Bangladesh",69052,18360,60,13326,4119,3244,1622,3912,2777,1731,19901
"Barbados",12,0,1,5,2,0,0,0,3,0,1
"Belarus",619,5,0,74,191,0,0,25,314,0,10
"Belgium",296,8,0,59,54,0,0,20,148,2,5
"Belize",82,10,6,16,15,0,0,1,19,0,15
"Benin",28117,4966,530,3856,859,9165,98,1007,640,1389,5607
"Bhutan",676,161,0,136,41,0,0,44,60,7,227
"Bolivia",7663,2070,28,1543,392,3,0,359,738,262,2268
"Bosnia and Herzegovina",227,6,0,46,32,0,0,3,91,0,49
"Botswana",707,98,0,120,71,15,0,139,162,0,102
"Brazil",33513,3474,149,12557,2672,38,0,928,8476,36,5183
"Brunei",26,1,0,4,6,0,0,1,13,0,1
"Bulgaria",462,14,0,87,42,0,0,13,158,0,148
"Burkina Faso",91373,21720,995,17153,2923,23875,35,1407,3016,817,19432
"Burundi",33124,10313,1095,6354,1702,4142,494,1025,1128,157,6714
"Cambodia",21088,2123,107,5541,1095,251,172,1153,2097,12,8537
"Cameroon",67523,14139,4362,10549,1636,17038,719,2405,1645,672,14358
"Canada",891,1,0,264,117,0,0,15,486,0,8
"Cape Verde",150,27,0,23,10,1,20,13,20,4,32
"Central African Rep.",18683,4312,1758,2630,292,3715,1,482,392,817,4284
"Chad",76540,21030,2850,9396,1394,18338,5,1532,1345,4273,16377
"Chile",1063,6,3,192,129,0,0,25,588,15,105
"China",163579,10392,1191,13835,36316,2,467,7443,37173,401,56359
"Colombia",7059,739,48,1489,902,12,0,264,1829,18,1758
"Comoros",1376,437,0,295,39,0,0,89,62,26,428
"Congo, Dem. Rep.",390839,98108,6281,57786,10462,94196,4095,10612,10314,10866,88119
"Congo, Rep.",11235,2150,727,1572,223,3705,0,306,269,108,2175
"Costa Rica",281,10,0,37,24,0,0,5,172,7,26
"Cote d'Ivoire",49899,9908,3247,6225,993,16704,1,1922,941,927,9031
"Croatia",87,1,0,15,14,0,0,1,51,0,5
"Cuba",368,10,1,50,53,0,0,10,202,0,42
"Cyprus",21,0,0,3,4,0,0,0,13,0,1
"Czech Rep.",209,5,0,44,48,0,0,8,84,0,20
"Denmark",111,1,0,19,12,0,0,1,75,0,3
"Djibouti",1380,404,136,285,51,4,5,35,92,21,347
"Dominican Rep.",3191,657,96,779,202,4,0,77,451,9,916
"Ecuador",3832,388,64,965,435,0,0,154,975,0,851
"Egypt",17631,2146,33,3481,2012,0,155,1843,4848,155,2958
"El Salvador",1319,82,88,313,147,0,0,100,359,0,230
"Equatorial Guinea",2480,304,107,137,45,969,327,61,28,150,352
"Eritrea",7205,2173,449,1589,463,29,168,190,346,68,1730
"Estonia",44,0,1,6,15,0,0,1,20,0,1
"Ethiopia",199839,70944,9080,29952,8054,21786,187,6797,10011,3535,39493
"Fiji",164,17,2,38,22,0,0,2,55,0,28
"Finland",89,0,0,10,11,0,0,2,61,0,5
"France",1411,22,0,342,199,0,0,35,763,1,49
"Gabon",1930,166,294,84,28,888,27,73,31,99,240
"Gambia",4171,837,84,677,172,1447,59,67,95,26,707
"Georgia",619,85,4,133,55,0,0,26,103,0,213
"Germany",1258,7,2,297,160,0,0,47,705,0,40
"Ghana",32053,4868,1437,3360,1036,14365,1115,594,564,605,4109
"Greece",183,0,0,9,30,0,0,2,115,0,27
"Grenada",5,0,0,1,1,0,0,0,2,0,1
"Guatemala",10648,2937,427,1761,762,0,0,502,1268,312,2679
"Guinea",37288,7200,1014,3663,739,12832,1827,1016,709,1611,6677
"Guinea-Bissau",9254,2257,231,1262,242,2147,290,355,219,283,1968
"Guyana",511,118,48,93,37,7,0,11,76,0,121
"Haiti",12431,3796,873,1072,460,166,0,490,528,1541,3505
"Honduras",3031,590,84,653,232,2,0,141,497,4,828
"Hungary",306,2,0,61,33,0,0,13,163,0,34
"Iceland",8,0,0,2,0,0,0,1,5,0,0
"India",826060,203206,8585,84040,48911,6292,81275,29875,74201,86087,203588
"Indonesia",92896,25664,635,22612,3487,1389,545,3031,4584,284,30665
"Iran",19424,4362,242,4049,1652,1,0,449,3528,11,5130
"Iraq",18473,4610,0,1885,2032,0,98,973,875,2325,5675
"Ireland",155,0,0,18,18,0,0,10,108,1,0
"Israel",336,0,0,55,28,0,0,7,231,5,10
"Italy",1085,1,0,223,103,0,0,20,708,0,30
"Jamaica",1196,231,61,274,80,0,0,25,195,1,329
"Japan",2361,45,0,304,359,0,0,13,1424,0,216
"Jordan",1076,119,0,243,139,0,0,45,345,0,185
"Kazakhstan",4596,208,16,923,567,0,1,203,1378,0,1300
"Kenya",138895,37934,8855,25741,6411,20666,1568,3674,4448,1432,28166
"Korea, Dem. Rep.",8873,2074,14,1800,431,0,0,634,671,232,3017
"Korea, Rep.",1421,5,0,327,288,0,0,12,711,0,78
"Kuwait",262,2,0,63,25,0,0,0,154,0,18
"Kyrgyzstan",2538,642,12,600,126,0,0,162,152,2,842
"Laos",6768,712,10,1777,276,19,316,436,541,45,2636
"Latvia",95,2,0,18,17,0,0,1,50,0,7
"Lebanon",362,21,6,64,62,0,4,25,138,4,38
"Lesotho",2358,408,774,347,88,0,0,125,51,57,508
"Liberia",13903,3353,568,1908,278,3163,385,347,402,651,2848
"Libya",1073,89,0,222,177,0,0,10,443,0,132
"Lithuania",121,0,0,11,36,0,0,4,61,0,9
"Luxembourg",9,0,0,3,2,0,0,0,4,0,0
"Macedonia, FYR",101,9,0,31,7,0,0,0,40,0,14
"Madagascar",47122,15558,81,9413,1370,2494,0,2004,2144,747,13311
"Malawi",39154,5927,7693,5411,1299,9376,0,1590,1262,353,6243
"Malaysia",1771,35,131,282,297,6,9,13,891,9,98
"Maldives",72,13,0,16,7,0,0,4,14,0,18
"Mali",71942,18548,1116,9827,2314,20918,9,1062,2401,2114,13633
"Malta",19,0,0,4,4,0,0,1,8,0,2
"Mauritania",7512,1836,67,1172,294,1645,0,274,285,148,1791
"Mauritius",125,5,2,30,11,0,0,4,54,0,19
"Mexico",21635,1950,79,3607,3120,0,0,129,8848,6,3896
"Micronesia, Fed. Sts.",68,5,0,12,4,0,0,5,14,0,28
"Moldova",446,17,0,16,107,0,0,13,173,0,120
"Mongolia",1352,92,2,377,97,0,0,74,217,1,492
"Montenegro",25,0,0,5,4,0,0,0,13,0,3
"Morocco",8505,2762,22,1815,593,0,3,319,582,201,2208
"Mozambique",72857,12373,15504,9442,1916,13789,0,2590,1941,1229,14073
"Myanmar",74443,14497,663,9778,27599,2168,409,1971,2099,948,14311
"Namibia",1391,148,441,115,34,124,158,50,31,60,230
"Nepal",14244,5072,279,2113,770,8,74,785,552,764,3827
"Netherlands",328,0,0,54,47,0,0,13,202,0,12
"New Zealand",116,1,0,20,28,0,0,7,49,1,10
"Nicaragua",2083,343,25,466,169,0,0,103,383,22,572
"Niger",94065,24159,577,14385,1989,21714,106,2835,2359,3429,22512
"Nigeria",778459,192178,29457,97805,15138,217357,707,17637,14453,32353,161374
"Norway",110,6,0,27,18,0,0,4,55,0,0
"Oman",267,13,0,51,48,0,0,4,128,0,23
"Pakistan",180736,66821,425,26573,7441,539,275,6218,13043,7180,52221
"Panama",920,91,11,248,74,0,0,19,260,25,192
"Papua New Guinea",8665,650,362,1612,416,1018,286,658,818,63,2782
"Paraguay",1979,365,43,459,160,0,0,74,345,3,530
"Peru",7122,658,191,1726,798,17,0,461,1799,0,1472
"Philippines",39973,4852,32,9196,3091,40,216,2481,6443,77,13545
"Poland",1085,6,0,221,140,0,0,18,601,0,99
"Portugal",191,0,4,29,30,0,0,5,114,0,9
"Qatar",65,2,0,11,13,0,0,0,35,0,4
"Romania",1399,32,0,55,215,0,0,15,385,0,697
"Russia",7570,183,15,506,2025,0,0,279,3694,2,866
"Rwanda",27036,9044,281,5179,1666,2436,468,1155,1096,142,5569
"Saint Lucia",12,0,0,8,1,0,0,0,3,0,0
"Saint Vincent and the Grenadines",8,1,0,3,2,0,0,0,2,0,0
"Samoa",62,8,0,13,6,0,0,3,16,0,16
"Sao Tome and Principe",326,70,0,53,14,4,3,18,49,1,114
"Saudi Arabia",5527,597,0,1135,880,0,0,47,2125,0,743
"Senegal",32897,7017,710,5756,804,9167,1458,461,872,350,6302
"Serbia",323,3,0,87,26,0,0,9,158,0,40
"Sierra Leone",32711,8699,638,5034,1045,5520,2027,621,1098,1050,6979
"Singapore",63,0,0,8,5,0,0,1,37,0,12
"Slovak Republic",230,1,0,33,31,0,0,4,119,0,42
"Slovenia",20,0,0,6,3,0,0,0,11,0,0
"Solomon Islands",328,21,0,63,16,34,3,26,50,1,114
"Somalia",51955,15636,165,6937,1808,4440,3848,1317,1765,2991,13048
"South Africa",51238,6187,33149,3213,1258,51,1,607,2645,1,4126
"Spain",1097,0,4,239,133,0,0,47,640,1,33
"Sri Lanka",3073,202,6,546,990,0,33,33,888,6,369
"Sudan",85826,13870,3350,10946,3650,34434,7,2481,2784,1184,13120
"Suriname",144,14,6,31,20,2,0,7,40,0,24
"Swaziland",2236,237,1407,168,25,1,0,63,53,17,265
"Sweden",164,3,1,21,10,0,0,5,116,0,8
"Switzerland",120,0,0,25,18,0,0,1,73,0,3
"Syria",4932,449,0,1129,684,0,1,128,1756,1,784
"Tajikistan",7715,2249,27,1906,355,0,5,374,454,9,2336
"Tanzania",115717,19185,14889,14977,5733,28745,0,5414,3248,1507,22019
"Thailand",4064,266,273,791,599,70,15,37,1520,15,478
"Togo",12966,2223,1152,1395,316,5130,20,375,264,164,1927
"Tonga",31,4,0,7,4,0,0,0,10,0,6
"Trinidad and Tobago",212,0,38,13,55,0,0,0,89,0,17
"Tunisia",1527,167,0,314,192,0,0,152,467,0,235
"Turkey",10552,389,0,1908,1410,0,45,706,3565,32,2497
"Turkmenistan",3014,665,0,799,150,0,1,127,178,2,1092
"Uganda",144984,29677,9542,15894,6586,42549,4060,4101,2562,6472,23541
"Ukraine",3464,45,64,495,864,0,0,152,1785,3,56
"United Arab Emirates",167,4,0,26,33,0,0,4,92,0,8
"United Kingdom",1925,4,1,468,167,0,0,69,1097,5,114
"United States",15977,32,6,3791,3835,0,1,161,7328,37,786
"Uruguay",396,16,1,81,74,0,0,7,169,0,48
"Uzbekistan",10308,2493,47,2533,515,0,0,630,588,9,3493
"Vanuatu",135,15,0,23,8,5,3,9,28,0,44
"Venezuela",4882,761,31,666,984,1,0,105,1534,10,790
"Vietnam",7852,471,682,1408,908,28,376,715,2240,44,980
"Yemen, Rep.",29553,11059,0,3135,1358,263,446,1124,1371,3407,7390
"Zambia",57258,10869,9179,9093,2262,11709,400,1528,1452,568,10198
"Zimbabwe",24825,3158,7541,2133,631,1222,2680,796,570,1808,4286
